Date;Time;GID;Station;Gradosx;minx;segx;Northing;Gradosy;miny;segy;Easting;altitude;frec;channel;dial;Azimuth;species
01/14/17;5:31;1;E1;4;38;24.2;4.640055556;75;32;50;-74.45277778;1942;150.015;A;1;163;Myadestes ralloides
01/14/17;6:10;1;E2;4;38;11.8;4.636611111;75;32;50;-74.45277778;2024;150.015;A;1;92;Myadestes ralloides
01/14/17;6:17;1;E2;4;38;11.8;4.636611111;75;32;50;-74.45277778;2024;150.005;A;2;124;Myiarchus tuberculifer
01/14/17;6:22;1;E3;4;38;4.7;4.634638889;75;32;50;-74.45277778;2089;150.015;A;1;20;Myadestes ralloides
01/14/17;6:35;1;E3;4;38;4.7;4.634638889;75;32;50;-74.45277778;2089;150.005;A;2;50;Myiarchus tuberculifer
01/14/17;6:39;1;E3;4;38;4.7;4.634638889;75;32;50;-74.45277778;2089;150.025;A;3;6;Syndactila subalaris
01/14/17;6:43;1;E3;4;38;4.7;4.634638889;75;32;50;-74.45277778;2089;150.165;B;1;62;Eubucco bourcierii
01/14/17;6:55;1;E12;4;38;7.1;4.635305556;75;32;50;-74.45277778;2097;150.015;A;1;58;Myadestes ralloides
01/14/17;7:00;1;E12;4;38;7.1;4.635305556;75;32;50;-74.45277778;2097;150.005;A;2;340;Myiarchus tuberculifer
01/14/17;7:02;1;E12;4;38;7.1;4.635305556;75;32;50;-74.45277778;2097;150.025;A;3;320;Syndactila subalaris
01/14/17;7:08;1;E12;4;38;7.1;4.635305556;75;32;50;-74.45277778;2097;150.165;B;1;162;Eubucco bourcierii
01/14/17;7:29;1;E5;4;38;10.5;4.63625;75;32;50;-74.45277778;2090;150.015;A;1;138;Myadestes ralloides
01/14/17;7:31;1;E5;4;38;10.5;4.63625;75;32;50;-74.45277778;2090;150.005;A;2;200;Myiarchus tuberculifer
01/14/17;7:35;1;E5;4;38;10.5;4.63625;75;32;50;-74.45277778;2090;150.025;A;3;300;Syndactila subalaris
01/14/17;7:39;1;E5;4;38;10.5;4.63625;75;32;50;-74.45277778;2090;150.165;B;1;220;Eubucco bourcierii
01/14/17;13:54;2;E12;4;38;7.1;4.635305556;75;32;50;-74.45277778;2097;150.015;A;1;288;Myadestes ralloides
01/14/17;14:02;2;E12;4;38;7.1;4.635305556;75;32;50;-74.45277778;2097;150.005;A;2;300;Myiarchus tuberculifer
01/14/17;14:05;2;E12;4;38;7.1;4.635305556;75;32;50;-74.45277778;2097;150.025;A;3;332;Syndactila subalaris
01/14/17;14:08;2;E12;4;38;7.1;4.635305556;75;32;50;-74.45277778;2097;150.165;B;1;288;Eubucco bourcierii
01/14/17;14:13;2;E12;4;38;7.1;4.635305556;75;32;50;-74.45277778;2097;150.254;B;10;194;Dendrocolaptes picumnus
01/14/17;14:16;2;E12;4;38;7.1;4.635305556;75;32;50;-74.45277778;2097;150.195;B;4;188;Momotus aequatorialis
01/14/17;15:38;2;E3;4;38;4.7;4.634638889;75;32;50;-74.45277778;2089;150.015;A;1;44;Myadestes ralloides
01/14/17;15:40;2;E3;4;38;4.7;4.634638889;75;32;50;-74.45277778;2089;150.005;A;2;30;Myiarchus tuberculifer
01/14/17;15:45;2;E3;4;38;4.7;4.634638889;75;32;50;-74.45277778;2089;150.025;A;3;NA;Syndactila subalaris
01/14/17;15:47;2;E3;4;38;4.7;4.634638889;75;32;50;-74.45277778;2089;150.165;B;1;38;Eubucco bourcierii
01/14/17;15:50;2;E3;4;38;4.7;4.634638889;75;32;50;-74.45277778;2089;150.254;B;10;NA;Dendrocolaptes picumnus
01/14/17;15:55;2;E3;4;38;4.7;4.634638889;75;32;50;-74.45277778;2089;150.195;B;4;40;Momotus aequatorialis
01/14/17;16:25;2;E1;4;38;24.2;4.640055556;75;32;50;-74.45277778;1942;150.015;A;1;152;Myadestes ralloides
01/14/17;16:27;2;E1;4;38;24.2;4.640055556;75;32;50;-74.45277778;1942;150.005;A;2;156;Myiarchus tuberculifer
01/14/17;16:30;2;E1;4;38;24.2;4.640055556;75;32;50;-74.45277778;1942;150.025;A;3;178;Syndactila subalaris
01/14/17;16:32;2;E1;4;38;24.2;4.640055556;75;32;50;-74.45277778;1942;150.165;B;1;NA;Eubucco bourcierii
01/14/17;16:33;2;E1;4;38;24.2;4.640055556;75;32;50;-74.45277778;1942;150.254;B;10;NA;Dendrocolaptes picumnus
01/14/17;16:35;2;E1;4;38;24.2;4.640055556;75;32;50;-74.45277778;1942;150.195;B;4;148;Momotus aequatorialis
01/14/17;15:37;3;E2;4;38;4.7;4.640055556;75;32;50;-74.45277778;2089;150.015;A;1;79;Myadestes ralloides
01/14/17;15:40;3;E2;4;38;4.7;4.640055556;75;32;50;-74.45277778;2089;150.005;A;2;350;Myiarchus tuberculifer
01/14/17;15:42;3;E2;4;38;4.7;4.640055556;75;32;50;-74.45277778;2089;150.025;A;3;142;Syndactila subalaris
01/14/17;15:45;3;E2;4;38;4.7;4.640055556;75;32;50;-74.45277778;2089;150.165;B;1;NA;Eubucco bourcierii
01/14/17;15:49;3;E2;4;38;4.7;4.640055556;75;32;50;-74.45277778;2089;150.254;B;10;124;Dendrocolaptes picumnus
01/14/17;15:52;3;E2;4;38;4.7;4.640055556;75;32;50;-74.45277778;2089;150.195;B;4;108;Momotus aequatorialis
01/15/17;5:35;4;E1;4;38;24.2;4.634638889;75;32;50;-74.45277778;1942;150.015;A;1;156;Myadestes ralloides
01/15/17;5:37;4;E1;4;38;24.2;4.634638889;75;32;50;-74.45277778;1942;150.005;A;2;144;Myiarchus tuberculifer
01/15/17;5:39;4;E1;4;38;24.2;4.634638889;75;32;50;-74.45277778;1942;150.025;A;3;158;Syndactila subalaris
01/15/17;5:40;4;E1;4;38;24.2;4.634638889;75;32;50;-74.45277778;1942;150.165;B;1;132;Eubucco bourcierii
01/15/17;5:43;4;E1;4;38;24.2;4.634638889;75;32;50;-74.45277778;1942;150.254;B;10;NA;Dendrocolaptes picumnus
01/15/17;5:46;4;E1;4;38;24.2;4.634638889;75;32;50;-74.45277778;1942;150.195;B;4;NA;Momotus aequatorialis
01/15/17;6:08;4;E3;4;38;4.7;4.635305556;75;32;50;-74.45277778;2089;150.015;A;1;34;Myadestes ralloides
01/15/17;6:11;4;E3;4;38;4.7;4.635305556;75;32;50;-74.45277778;2089;150.005;A;2;42;Myiarchus tuberculifer
01/15/17;6:14;4;E3;4;38;4.7;4.635305556;75;32;50;-74.45277778;2089;150.025;A;3;64;Syndactila subalaris
01/15/17;6:15;4;E3;4;38;4.7;4.635305556;75;32;50;-74.45277778;2089;150.165;B;1;56;Eubucco bourcierii
01/15/17;6:20;4;E3;4;38;4.7;4.635305556;75;32;50;-74.45277778;2089;150.254;B;10;NA;Dendrocolaptes picumnus
01/15/17;6:25;4;E3;4;38;4.7;4.635305556;75;32;50;-74.45277778;2089;150.195;B;4;38;Momotus aequatorialis
01/15/17;7:25;4;E12;4;38;7.1;4.63625;75;32;50;-74.45277778;2097;150.015;A;1;314;Myadestes ralloides
01/15/17;7:26;4;E12;4;38;7.1;4.63625;75;32;50;-74.45277778;2097;150.005;A;2;156;Myiarchus tuberculifer
01/15/17;7:29;4;E12;4;38;7.1;4.63625;75;32;50;-74.45277778;2097;150.025;A;3;312;Syndactila subalaris
01/15/17;7:31;4;E12;4;38;7.1;4.63625;75;32;50;-74.45277778;2097;150.165;B;1;320;Eubucco bourcierii
01/15/17;7:34;4;E12;4;38;7.1;4.63625;75;32;50;-74.45277778;2097;150.254;B;10;194;Dendrocolaptes picumnus
01/15/17;7:37;4;E12;4;38;7.1;4.63625;75;32;50;-74.45277778;2097;150.195;B;4;322;Momotus aequatorialis
01/15/17;7:25;4;E5;4;38;10.5;4.649805556;75;32;50;-74.45277778;2090;150.015;A;1;210;Myadestes ralloides
01/15/17;7:26;4;E5;4;38;10.5;4.649805556;75;32;50;-74.45277778;2090;150.005;A;2;188;Myiarchus tuberculifer
01/15/17;7:29;4;E5;4;38;10.5;4.649805556;75;32;50;-74.45277778;2090;150.025;A;3;250;Syndactila subalaris
01/15/17;7:31;4;E5;4;38;10.5;4.649805556;75;32;50;-74.45277778;2090;150.165;B;1;256;Eubucco bourcierii
01/15/17;7:34;4;E5;4;38;10.5;4.649805556;75;32;50;-74.45277778;2090;150.254;B;10;154;Dendrocolaptes picumnus
01/15/17;7:37;4;E5;4;38;10.5;4.649805556;75;32;50;-74.45277778;2090;150.195;B;4;210;Momotus aequatorialis
01/15/17;13:17;5;E6;4;38;59.3;4.649805556;75;32;50;-74.45277778;2141;150.015;A;1;322;Myadestes ralloides
01/15/17;13:20;5;E6;4;38;59.3;4.63625;75;32;50;-74.45277778;2141;150.005;A;2;NA;Myiarchus tuberculifer
01/15/17;13:22;5;E6;4;38;59.3;4.63625;75;32;50;-74.45277778;2141;150.025;A;3;NA;Syndactila subalaris
01/15/17;13:25;5;E6;4;38;59.3;4.63625;75;32;50;-74.45277778;2141;150.165;B;1;358;Eubucco bourcierii
01/15/17;13:27;5;E6;4;38;59.3;4.63625;75;32;50;-74.45277778;2141;150.254;B;10;352;Dendrocolaptes picumnus
01/15/17;13:35;5;E6;4;38;59.3;4.63625;75;32;50;-74.45277778;2141;150.195;B;4;18;Momotus aequatorialis
01/15/17;13:40;5;E6;4;38;59.3;4.63625;75;32;50;-74.45277778;2141;150.335;C;2;NA;Momotus aequatorialis
01/15/17;13:50;5;E5;4;38;10.5;4.63625;75;32;50;-74.45277778;2090;150.015;A;1;90;Myadestes ralloides
01/15/17;13:55;5;E5;4;38;10.5;4.634638889;75;32;50;-74.45277778;2090;150.005;A;2;280;Myiarchus tuberculifer
01/15/17;13:57;5;E5;4;38;10.5;4.634638889;75;32;50;-74.45277778;2090;150.025;A;3;302;Syndactila subalaris
01/15/17;14:03;5;E5;4;38;10.5;4.634638889;75;32;50;-74.45277778;2090;150.165;B;1;320;Eubucco bourcierii
01/15/17;14:05;5;E5;4;38;10.5;4.634638889;75;32;50;-74.45277778;2090;150.254;B;10;NA;Dendrocolaptes picumnus
01/15/17;14:08;5;E5;4;38;10.5;4.634638889;75;32;50;-74.45277778;2090;150.195;B;4;298;Momotus aequatorialis
01/15/17;14:14;5;E5;4;38;10.5;4.634638889;75;32;50;-74.45277778;2090;150.335;C;2;160;Momotus aequatorialis
01/15/17;15:07;5;E3;4;38;4.7;4.634638889;75;32;50;-74.45277778;2089;150.015;A;1;38;Myadestes ralloides
01/15/17;15:09;5;E3;4;38;4.7;4.636611111;75;32;50;-74.45277778;2089;150.005;A;2;32;Myiarchus tuberculifer
01/15/17;15:12;5;E3;4;38;4.7;4.636611111;75;32;50;-74.45277778;2089;150.025;A;3;16;Syndactila subalaris
01/15/17;15:15;5;E3;4;38;4.7;4.636611111;75;32;50;-74.45277778;2089;150.165;B;1;350;Eubucco bourcierii
01/15/17;15:17;5;E3;4;38;4.7;4.636611111;75;32;50;-74.45277778;2089;150.254;B;10;NA;Dendrocolaptes picumnus
01/15/17;15:19;5;E3;4;38;4.7;4.636611111;75;32;50;-74.45277778;2089;150.195;B;4;46;Momotus aequatorialis
01/15/17;15:22;5;E3;4;38;4.7;4.636611111;75;32;50;-74.45277778;2089;150.335;C;2;NA;Momotus aequatorialis
01/15/17;15:31;5;E2;4;38;11.8;4.636611111;75;32;50;-74.45277778;2024;150.015;A;1;70;Myadestes ralloides
01/15/17;15:34;5;E2;4;38;11.8;4.640055556;75;32;50;-74.45277778;2024;150.005;A;2;70;Myiarchus tuberculifer
01/15/17;15:36;5;E2;4;38;11.8;4.640055556;75;32;50;-74.45277778;2024;150.025;A;3;34;Syndactila subalaris
01/15/17;15:41;5;E2;4;38;11.8;4.640055556;75;32;50;-74.45277778;2024;150.165;B;1;56;Eubucco bourcierii
01/15/17;15:43;5;E2;4;38;11.8;4.640055556;75;32;50;-74.45277778;2024;150.254;B;10;108;Dendrocolaptes picumnus
01/15/17;15:49;5;E2;4;38;11.8;4.640055556;75;32;50;-74.45277778;2024;150.195;B;4;110;Momotus aequatorialis
01/15/17;15:52;5;E2;4;38;11.8;4.640055556;75;32;50;-74.45277778;2024;150.335;C;2;110;Momotus aequatorialis
01/15/17;16:15;5;E1;4;38;24.2;4.640055556;75;32;50;-74.45277778;1942;150.015;A;1;160;Myadestes ralloides
01/15/17;16:16;5;E1;4;38;24.2;4.634638889;75;32;50;-74.45277778;1942;150.005;A;2;198;Myiarchus tuberculifer
01/15/17;16:19;5;E1;4;38;24.2;4.634638889;75;32;50;-74.45277778;1942;150.025;A;3;184;Syndactila subalaris
01/15/17;16:22;5;E1;4;38;24.2;4.634638889;75;32;50;-74.45277778;1942;150.165;B;1;144;Eubucco bourcierii
01/15/17;16:24;5;E1;4;38;24.2;4.634638889;75;32;50;-74.45277778;1942;150.254;B;10;178;Dendrocolaptes picumnus
01/15/17;16:26;5;E1;4;38;24.2;4.634638889;75;32;50;-74.45277778;1942;150.195;B;4;NA;Momotus aequatorialis
01/15/17;16:28;5;E1;4;38;24.2;4.634638889;75;32;50;-74.45277778;1942;150.335;C;2;142;Momotus aequatorialis
01/15/17;6:00;4;E2;4;38;4.7;4.634638889;75;32;50;-74.45277778;2089;150.015;A;1;18;Myadestes ralloides
01/15/17;6:10;4;E2;4;38;4.7;4.649805556;75;32;50;-74.45277778;2089;150.005;A;2;108;Myiarchus tuberculifer
01/15/17;6:13;4;E2;4;38;4.7;4.649805556;75;32;50;-74.45277778;2089;150.025;A;3;136;Syndactila subalaris
01/15/17;6:15;4;E2;4;38;4.7;4.649805556;75;32;50;-74.45277778;2089;150.165;B;1;44;Eubucco bourcierii
01/15/17;6:19;4;E2;4;38;4.7;4.649805556;75;32;50;-74.45277778;2089;150.254;B;10;136;Dendrocolaptes picumnus
01/15/17;6:22;4;E2;4;38;4.7;4.649805556;75;32;50;-74.45277778;2089;150.195;B;4;NA;Momotus aequatorialis
01/15/17;13:49;5;E11;4;38;3.8;4.649805556;75;32;56.6;-74.45094444;2133;150.015;A;1;NA;Myadestes ralloides
01/15/17;13:53;5;E11;4;38;3.8;4.649805556;75;32;56.6;-74.45094444;2133;150.005;A;2;360;Myiarchus tuberculifer
01/15/17;13:57;5;E11;4;38;3.8;4.634416667;75;32;56.6;-74.45094444;2133;150.025;A;3;344;Syndactila subalaris
01/15/17;14:00;5;E11;4;38;3.8;4.634416667;75;32;56.6;-74.45094444;2133;150.165;B;1;10;Eubucco bourcierii
01/15/17;14:03;5;E11;4;38;3.8;4.634416667;75;32;56.6;-74.45094444;2133;150.254;B;10;270;Dendrocolaptes picumnus
01/15/17;14:05;5;E11;4;38;3.8;4.634416667;75;32;56.6;-74.45094444;2133;150.195;B;4;320;Momotus aequatorialis
01/15/17;14:09;5;E11;4;38;3.8;4.634416667;75;32;56.6;-74.45094444;2133;150.335;C;2;318;Momotus aequatorialis
01/15/17;15:33;5;E13;4;38;16.3;4.634416667;75;32;59.6;-74.45011111;2020;150.015;A;1;NA;Myadestes ralloides
01/15/17;15:35;5;E13;4;38;16.3;4.634416667;75;32;59.6;-74.45011111;2020;150.005;A;2;182;Myiarchus tuberculifer
01/15/17;15:38;5;E13;4;38;16.3;4.63625;75;32;59.6;-74.45011111;2020;150.025;A;3;308;Syndactila subalaris
01/15/17;15:40;5;E13;4;38;16.3;4.63625;75;32;59.6;-74.45011111;2020;150.165;B;1;280;Eubucco bourcierii
01/15/17;15:43;5;E13;4;38;16.3;4.63625;75;32;59.6;-74.45011111;2020;150.254;B;10;NA;Dendrocolaptes picumnus
01/15/17;15:48;5;E13;4;38;16.3;4.63625;75;32;59.6;-74.45011111;2020;150.195;B;4;180;Momotus aequatorialis
01/15/17;15:49;5;E13;4;38;16.3;4.63625;75;32;59.6;-74.45011111;2020;150.335;C;2;NA;Momotus aequatorialis
01/16/17;15:24;6;E3;4;38;4.7;4.63625;75;32;50;-74.45277778;2089;150.015;A;1;NA;Myadestes ralloides
01/16/17;15:38;6;E3;4;38;4.7;4.63625;75;32;50;-74.45277778;2089;150.005;A;2;NA;Myiarchus tuberculifer
01/16/17;15:42;6;E3;4;38;4.7;4.638555556;75;32;50;-74.45277778;2089;150.025;A;3;NA;Syndactila subalaris
01/16/17;15:46;6;E3;4;38;4.7;4.638555556;75;32;50;-74.45277778;2089;150.165;B;1;68;Eubucco bourcierii
01/16/17;15:50;6;E3;4;38;4.7;4.638555556;75;32;50;-74.45277778;2089;150.254;B;10;NA;Dendrocolaptes picumnus
01/16/17;15:55;6;E3;4;38;4.7;4.638555556;75;32;50;-74.45277778;2089;150.195;B;4;NA;Momotus aequatorialis
01/16/17;15:59;6;E3;4;38;4.7;4.638555556;75;32;50;-74.45277778;2089;150.335;C;2;352;Momotus aequatorialis
01/16/17;15:24;6;E6;4;38;59.3;4.638555556;75;32;50;-74.45277778;2141;150.015;A;1;NA;Myadestes ralloides
01/16/17;15:38;6;E6;4;38;59.3;4.638555556;75;32;50;-74.45277778;2141;150.005;A;2;360;Myiarchus tuberculifer
01/16/17;15:42;6;E6;4;38;59.3;4.638555556;75;32;50;-74.45277778;2141;150.025;A;3;NA;Syndactila subalaris
01/16/17;15:46;6;E6;4;38;59.3;4.638555556;75;32;50;-74.45277778;2141;150.165;B;1;14;Eubucco bourcierii
01/16/17;15:50;6;E6;4;38;59.3;4.640055556;75;32;50;-74.45277778;2141;150.254;B;10;NA;Dendrocolaptes picumnus
01/16/17;15:55;6;E6;4;38;59.3;4.640055556;75;32;50;-74.45277778;2141;150.195;B;4;20;Momotus aequatorialis
01/16/17;15:59;6;E6;4;38;59.3;4.640055556;75;32;50;-74.45277778;2141;150.335;C;2;326;Momotus aequatorialis
01/16/17;16:18;6;E4;4;38;3.9;4.640055556;75;32;50;-74.45277778;2117;150.015;A;1;30;Myadestes ralloides
01/16/17;16:23;6;E4;4;38;3.9;4.640055556;75;32;50;-74.45277778;2117;150.005;A;2;38;Myiarchus tuberculifer
01/16/17;16:28;6;E4;4;38;3.9;4.640055556;75;32;50;-74.45277778;2117;150.025;A;3;310;Syndactila subalaris
01/16/17;16:33;6;E4;4;38;3.9;4.640055556;75;32;50;-74.45277778;2117;150.165;B;1;142;Eubucco bourcierii
01/16/17;16:35;6;E4;4;38;3.9;4.640055556;75;32;50;-74.45277778;2117;150.254;B;10;NA;Dendrocolaptes picumnus
01/16/17;16:39;6;E4;4;38;3.9;4.640055556;75;32;50;-74.45277778;2117;150.195;B;4;66;Momotus aequatorialis
01/16/17;16:51;6;E4;4;38;3.9;4.63825;75;32;50;-74.45277778;2117;150.335;C;2;24;Momotus aequatorialis
01/16/17;16:18;6;E5;4;38;10.5;4.63825;75;32;50;-74.45277778;2090;150.015;A;1;114;Myadestes ralloides
01/16/17;16:23;6;E5;4;38;10.5;4.63825;75;32;50;-74.45277778;2090;150.005;A;2;80;Myiarchus tuberculifer
01/16/17;16:28;6;E5;4;38;10.5;4.63825;75;32;50;-74.45277778;2090;150.025;A;3;NA;Syndactila subalaris
01/16/17;16:33;6;E5;4;38;10.5;4.63825;75;32;50;-74.45277778;2090;150.165;B;1;196;Eubucco bourcierii
01/16/17;16:35;6;E5;4;38;10.5;4.63825;75;32;50;-74.45277778;2090;150.254;B;10;NA;Dendrocolaptes picumnus
01/16/17;16:39;6;E5;4;38;10.5;4.63825;75;32;50;-74.45277778;2090;150.195;B;4;140;Momotus aequatorialis
01/16/17;16:51;6;E5;4;38;10.5;4.63825;75;32;50;-74.45277778;2090;150.335;C;2;114;Momotus aequatorialis
01/18/17;6:35;7;E7;4;38;18.8;4.63825;75;32;50;-74.45277778;2001;150.015;A;1;NA;Myadestes ralloides
01/18/17;6:42;7;E7;4;38;18.8;4.636611111;75;32;50;-74.45277778;2001;150.005;A;2;NA;Myiarchus tuberculifer
01/18/17;6:50;7;E7;4;38;18.8;4.636611111;75;32;50;-74.45277778;2001;150.025;A;3;NA;Syndactila subalaris
01/18/17;7:00;7;E7;4;38;18.8;4.636611111;75;32;50;-74.45277778;2001;150.165;B;1;NA;Eubucco bourcierii
01/18/17;7:10;7;E7;4;38;18.8;4.636611111;75;32;50;-74.45277778;2001;150.254;B;10;122;Dendrocolaptes picumnus
01/18/17;7:12;7;E7;4;38;18.8;4.636611111;75;32;50;-74.45277778;2001;150.195;B;4;NA;Momotus aequatorialis
01/18/17;7:24;7;E7;4;38;18.8;4.636611111;75;32;50;-74.45277778;2001;150.335;C;2;22;Momotus aequatorialis
01/18/17;7:28;7;E7;4;38;18.8;4.636611111;75;32;50;-74.45277778;2001;150.325;C;1;NA;Arremon brunneinucha
01/18/17;7:33;7;E7;4;38;18.8;4.636611111;75;32;50;-74.45277778;2001;150.135;A;14;NA;Aulacorhynchus haematopygus
01/18/17;6:35;7;E1;4;38;24.2;4.636611111;75;32;50;-74.45277778;1942;150.015;A;1;NA;Myadestes ralloides
01/18/17;6:42;7;E1;4;38;24.2;4.634388889;75;32;50;-74.45277778;1942;150.005;A;2;NA;Myiarchus tuberculifer
01/18/17;6:50;7;E1;4;38;24.2;4.634388889;75;32;50;-74.45277778;1942;150.025;A;3;NA;Syndactila subalaris
01/18/17;7:00;7;E1;4;38;24.2;4.634388889;75;32;50;-74.45277778;1942;150.165;B;1;NA;Eubucco bourcierii
01/18/17;7:10;7;E1;4;38;24.2;4.634388889;75;32;50;-74.45277778;1942;150.254;B;10;164;Dendrocolaptes picumnus
01/18/17;7:12;7;E1;4;38;24.2;4.634388889;75;32;50;-74.45277778;1942;150.195;B;4;NA;Momotus aequatorialis
01/18/17;7:24;7;E1;4;38;24.2;4.634388889;75;32;50;-74.45277778;1942;150.335;C;2;118;Momotus aequatorialis
01/18/17;7:28;7;E1;4;38;24.2;4.634388889;75;32;50;-74.45277778;1942;150.325;C;1;NA;Arremon brunneinucha
01/18/17;7:33;7;E1;4;38;24.2;4.634388889;75;32;50;-74.45277778;1942;150.135;A;14;NA;Aulacorhynchus haematopygus
01/18/17;9:23;8;E8;4;38;17.7;4.634388889;75;32;50;-74.45277778;1997;150.015;A;1;65;Myadestes ralloides
01/18/17;9:27;8;E8;4;38;17.7;4.633277778;75;32;50;-74.45277778;1997;150.005;A;2;NA;Myiarchus tuberculifer
01/18/17;9:32;8;E8;4;38;17.7;4.633277778;75;32;50;-74.45277778;1997;150.025;A;3;152;Syndactila subalaris
01/18/17;9:36;8;E8;4;38;17.7;4.633277778;75;32;50;-74.45277778;1997;150.165;B;1;138;Eubucco bourcierii
01/18/17;9:40;8;E8;4;38;17.7;4.633277778;75;32;50;-74.45277778;1997;150.254;B;10;NA;Dendrocolaptes picumnus
01/18/17;9:42;8;E8;4;38;17.7;4.633277778;75;32;50;-74.45277778;1997;150.195;B;4;144;Momotus aequatorialis
01/18/17;9:45;8;E8;4;38;17.7;4.633277778;75;32;50;-74.45277778;1997;150.335;C;2;NA;Momotus aequatorialis
01/18/17;9:48;8;E8;4;38;17.7;4.633277778;75;32;50;-74.45277778;1997;150.325;C;1;NA;Arremon brunneinucha
01/18/17;9:52;8;E8;4;38;17.7;4.633277778;75;32;50;-74.45277778;1997;150.135;A;14;NA;Aulacorhynchus haematopygus
01/18/17;9:23;8;E2;4;38;11.8;4.633277778;75;32;50;-74.45277778;2024;150.015;A;1;10;Myadestes ralloides
01/18/17;9:27;8;E2;4;38;11.8;4.63625;75;32;50;-74.45277778;2024;150.005;A;2;62;Myiarchus tuberculifer
01/18/17;9:32;8;E2;4;38;11.8;4.63625;75;32;50;-74.45277778;2024;150.025;A;3;50;Syndactila subalaris
01/18/17;9:36;8;E2;4;38;11.8;4.63625;75;32;50;-74.45277778;2024;150.165;B;1;16;Eubucco bourcierii
01/18/17;9:40;8;E2;4;38;11.8;4.63625;75;32;50;-74.45277778;2024;150.254;B;10;NA;Dendrocolaptes picumnus
01/18/17;9:42;8;E2;4;38;11.8;4.63625;75;32;50;-74.45277778;2024;150.195;B;4;100;Momotus aequatorialis
01/18/17;9:45;8;E2;4;38;11.8;4.63625;75;32;50;-74.45277778;2024;150.335;C;2;NA;Momotus aequatorialis
01/18/17;9:48;8;E2;4;38;11.8;4.63625;75;32;50;-74.45277778;2024;150.325;C;1;NA;Arremon brunneinucha
01/18/17;9:52;8;E2;4;38;11.8;4.63625;75;32;50;-74.45277778;2024;150.135;A;14;98;Aulacorhynchus haematopygus
01/18/17;10:23;8;E9;4;38;3.8;4.63625;75;32;50;-74.45277778;2091;150.015;A;1;NA;Myadestes ralloides
01/18/17;10:25;8;E9;4;38;3.8;4.634638889;75;32;50;-74.45277778;2091;150.005;A;2;NA;Myiarchus tuberculifer
01/18/17;10:28;8;E9;4;38;3.8;4.634638889;75;32;50;-74.45277778;2091;150.025;A;3;12;Syndactila subalaris
01/18/17;10:32;8;E9;4;38;3.8;4.634638889;75;32;50;-74.45277778;2091;150.165;B;1;68;Eubucco bourcierii
01/18/17;10:36;8;E9;4;38;3.8;4.634638889;75;32;50;-74.45277778;2091;150.254;B;10;42;Dendrocolaptes picumnus
01/18/17;10:41;8;E9;4;38;3.8;4.634638889;75;32;50;-74.45277778;2091;150.195;B;4;44;Momotus aequatorialis
01/18/17;10:46;8;E9;4;38;3.8;4.634638889;75;32;50;-74.45277778;2091;150.335;C;2;354;Momotus aequatorialis
01/18/17;10:50;8;E9;4;38;3.8;4.634638889;75;32;50;-74.45277778;2091;150.325;C;1;238;Arremon brunneinucha
01/18/17;10:53;8;E9;4;38;3.8;4.634638889;75;32;50;-74.45277778;2091;150.135;A;14;68;Aulacorhynchus haematopygus
01/18/17;10:23;8;E10;4;37;59.8;4.634638889;75;32;50;-74.45277778;2093;150.015;A;1;NA;Myadestes ralloides
01/18/17;10:25;8;E10;4;37;59.8;4.649805556;75;32;50;-74.45277778;2093;150.005;A;2;NA;Myiarchus tuberculifer
01/18/17;10:28;8;E10;4;37;59.8;4.649805556;75;32;50;-74.45277778;2093;150.025;A;3;6;Syndactila subalaris
01/18/17;10:32;8;E10;4;37;59.8;4.649805556;75;32;50;-74.45277778;2093;150.165;B;1;NA;Eubucco bourcierii
01/18/17;10:36;8;E10;4;37;59.8;4.649805556;75;32;50;-74.45277778;2093;150.254;B;10;NA;Dendrocolaptes picumnus
01/18/17;10:41;8;E10;4;37;59.8;4.649805556;75;32;50;-74.45277778;2093;150.195;B;4;NA;Momotus aequatorialis
01/18/17;10:46;8;E10;4;37;59.8;4.649805556;75;32;50;-74.45277778;2093;150.335;C;2;352;Momotus aequatorialis
01/18/17;10:50;8;E10;4;37;59.8;4.649805556;75;32;50;-74.45277778;2093;150.325;C;1;350;Arremon brunneinucha
01/18/17;10:53;8;E10;4;37;59.8;4.649805556;75;32;50;-74.45277778;2093;150.135;A;14;NA;Aulacorhynchus haematopygus
01/18/17;11:28;8;E5;4;38;10.5;4.649805556;75;32;50;-74.45277778;2090;150.015;A;1;114;Myadestes ralloides
01/18/17;11:32;8;E5;4;38;10.5;4.634416667;75;32;50;-74.45277778;2090;150.005;A;2;256;Myiarchus tuberculifer
01/18/17;11:38;8;E5;4;38;10.5;4.634416667;75;32;50;-74.45277778;2090;150.025;A;3;96;Syndactila subalaris
01/18/17;11:42;8;E5;4;38;10.5;4.634416667;75;32;50;-74.45277778;2090;150.165;B;1;182;Eubucco bourcierii
01/18/17;11:46;8;E5;4;38;10.5;4.634416667;75;32;50;-74.45277778;2090;150.254;B;10;38;Dendrocolaptes picumnus
01/18/17;11:50;8;E5;4;38;10.5;4.634416667;75;32;50;-74.45277778;2090;150.195;B;4;322;Momotus aequatorialis
01/18/17;11:56;8;E5;4;38;10.5;4.634416667;75;32;50;-74.45277778;2090;150.335;C;2;324;Momotus aequatorialis
01/18/17;11:58;8;E5;4;38;10.5;4.634416667;75;32;50;-74.45277778;2090;150.325;C;1;NA;Arremon brunneinucha
01/18/17;12:00;8;E5;4;38;10.5;4.634416667;75;32;50;-74.45277778;2090;150.135;A;14;210;Aulacorhynchus haematopygus
01/18/17;11:28;8;E3;4;38;4.7;4.634416667;75;32;50;-74.45277778;2089;150.015;A;1;NA;Myadestes ralloides
01/18/17;11:32;8;E3;4;38;4.7;4.634638889;75;32;50;-74.45277778;2089;150.005;A;2;NA;Myiarchus tuberculifer
01/18/17;11:38;8;E3;4;38;4.7;4.634638889;75;32;50;-74.45277778;2089;150.025;A;3;20;Syndactila subalaris
01/18/17;11:42;8;E3;4;38;4.7;4.634638889;75;32;50;-74.45277778;2089;150.165;B;1;74;Eubucco bourcierii
01/18/17;11:46;8;E3;4;38;4.7;4.634638889;75;32;50;-74.45277778;2089;150.254;B;10;4;Dendrocolaptes picumnus
01/18/17;11:50;8;E3;4;38;4.7;4.634638889;75;32;50;-74.45277778;2089;150.195;B;4;64;Momotus aequatorialis
01/18/17;11:56;8;E3;4;38;4.7;4.634638889;75;32;50;-74.45277778;2089;150.335;C;2;NA;Momotus aequatorialis
01/18/17;11:58;8;E3;4;38;4.7;4.634638889;75;32;50;-74.45277778;2089;150.325;C;1;NA;Arremon brunneinucha
01/18/17;12:00;8;E3;4;38;4.7;4.634638889;75;32;50;-74.45277778;2089;150.135;A;14;76;Aulacorhynchus haematopygus
01/18/17;12:20;8;E6;4;38;59.3;4.634638889;75;32;50;-74.45277778;2141;150.015;A;1;12;Myadestes ralloides
01/18/17;12:25;8;E6;4;38;59.3;4.634638889;75;32;50;-74.45277778;2141;150.005;A;2;24;Myiarchus tuberculifer
01/18/17;12:29;8;E6;4;38;59.3;4.634638889;75;32;50;-74.45277778;2141;150.025;A;3;326;Syndactila subalaris
01/18/17;12:32;8;E6;4;38;59.3;4.634638889;75;32;50;-74.45277778;2141;150.165;B;1;332;Eubucco bourcierii
01/18/17;12:38;8;E6;4;38;59.3;4.634388889;75;32;50;-74.45277778;2141;150.254;B;10;328;Dendrocolaptes picumnus
01/18/17;12:39;8;E6;4;38;59.3;4.634388889;75;32;50;-74.45277778;2141;150.195;B;4;342;Momotus aequatorialis
01/18/17;12:45;8;E6;4;38;59.3;4.634388889;75;32;50;-74.45277778;2141;150.335;C;2;358;Momotus aequatorialis
01/18/17;12:46;8;E6;4;38;59.3;4.634388889;75;32;50;-74.45277778;2141;150.325;C;1;288;Arremon brunneinucha
01/18/17;12:49;8;E6;4;38;59.3;4.634388889;75;32;50;-74.45277778;2141;150.135;A;14;330;Aulacorhynchus haematopygus
01/18/17;12:20;8;E4;4;38;3.9;4.634388889;75;32;50;-74.45277778;2117;150.015;A;1;28;Myadestes ralloides
01/18/17;12:25;8;E4;4;38;3.9;4.634388889;75;32;50;-74.45277778;2117;150.005;A;2;66;Myiarchus tuberculifer
01/18/17;12:29;8;E4;4;38;3.9;4.637861111;75;32;50;-74.45277778;2117;150.025;A;3;278;Syndactila subalaris
01/18/17;12:32;8;E4;4;38;3.9;4.637861111;75;32;50;-74.45277778;2117;150.165;B;1;284;Eubucco bourcierii
01/18/17;12:38;8;E4;4;38;3.9;4.637861111;75;32;50;-74.45277778;2117;150.254;B;10;358;Dendrocolaptes picumnus
01/18/17;12:39;8;E4;4;38;3.9;4.637861111;75;32;50;-74.45277778;2117;150.195;B;4;322;Momotus aequatorialis
01/18/17;12:45;8;E4;4;38;3.9;4.637861111;75;32;50;-74.45277778;2117;150.335;C;2;260;Momotus aequatorialis
01/18/17;12:46;8;E4;4;38;3.9;4.637861111;75;32;50;-74.45277778;2117;150.325;C;1;NA;Arremon brunneinucha
01/18/17;12:49;8;E4;4;38;3.9;4.637861111;75;32;50;-74.45277778;2117;150.135;A;14;270;Aulacorhynchus haematopygus
01/19/17;6:45;9;E7;4;38;18.8;4.638555556;75;32;50;-74.45277778;2001;150.015;A;1;NA;Myadestes ralloides
01/19/17;6:47;9;E7;4;38;18.8;4.638555556;75;32;50;-74.45277778;2001;150.005;A;2;NA;Myiarchus tuberculifer
01/19/17;6:49;9;E7;4;38;18.8;4.638555556;75;32;50;-74.45277778;2001;150.025;A;3;110;Syndactila subalaris
01/19/17;6:55;9;E7;4;38;18.8;4.638555556;75;32;50;-74.45277778;2001;150.165;B;1;80;Eubucco bourcierii
01/19/17;6:57;9;E7;4;38;18.8;4.638555556;75;32;50;-74.45277778;2001;150.254;B;10;NA;Dendrocolaptes picumnus
01/19/17;7:02;9;E7;4;38;18.8;4.638555556;75;32;50;-74.45277778;2001;150.195;B;4;NA;Momotus aequatorialis
01/19/17;7:05;9;E7;4;38;18.8;4.638555556;75;32;50;-74.45277778;2001;150.335;C;2;NA;Momotus aequatorialis
01/19/17;7:08;9;E7;4;38;18.8;4.638555556;75;32;50;-74.45277778;2001;150.325;C;1;NA;Arremon brunneinucha
01/19/17;7:12;9;E7;4;38;18.8;4.638555556;75;32;50;-74.45277778;2001;150.135;A;14;NA;Aulacorhynchus haematopygus
01/19/17;6:45;9;E1;4;38;24.2;4.640055556;75;32;50;-74.45277778;1942;150.015;A;1;NA;Myadestes ralloides
01/19/17;6:47;9;E1;4;38;24.2;4.640055556;75;32;50;-74.45277778;1942;150.005;A;2;NA;Myiarchus tuberculifer
01/19/17;6:49;9;E1;4;38;24.2;4.640055556;75;32;50;-74.45277778;1942;150.025;A;3;174;Syndactila subalaris
01/19/17;6:55;9;E1;4;38;24.2;4.640055556;75;32;50;-74.45277778;1942;150.165;B;1;148;Eubucco bourcierii
01/19/17;6:57;9;E1;4;38;24.2;4.640055556;75;32;50;-74.45277778;1942;150.254;B;10;NA;Dendrocolaptes picumnus
01/19/17;7:02;9;E1;4;38;24.2;4.640055556;75;32;50;-74.45277778;1942;150.195;B;4;NA;Momotus aequatorialis
01/19/17;7:05;9;E1;4;38;24.2;4.640055556;75;32;50;-74.45277778;1942;150.335;C;2;160;Momotus aequatorialis
01/19/17;7:08;9;E1;4;38;24.2;4.640055556;75;32;50;-74.45277778;1942;150.325;C;1;NA;Arremon brunneinucha
01/19/17;7:12;9;E1;4;38;24.2;4.640055556;75;32;50;-74.45277778;1942;150.135;A;14;148;Aulacorhynchus haematopygus
01/19/17;7:30;9;E8;4;38;17.7;4.63825;75;32;50;-74.45277778;1997;150.015;A;1;NA;Myadestes ralloides
01/19/17;7:33;9;E8;4;38;17.7;4.63825;75;32;50;-74.45277778;1997;150.005;A;2;NA;Myiarchus tuberculifer
01/19/17;7:34;9;E8;4;38;17.7;4.63825;75;32;50;-74.45277778;1997;150.025;A;3;166;Syndactila subalaris
01/19/17;7:37;9;E8;4;38;17.7;4.63825;75;32;50;-74.45277778;1997;150.165;B;1;120;Eubucco bourcierii
01/19/17;7:42;9;E8;4;38;17.7;4.63825;75;32;50;-74.45277778;1997;150.254;B;10;158;Dendrocolaptes picumnus
01/19/17;7:48;9;E8;4;38;17.7;4.63825;75;32;50;-74.45277778;1997;150.195;B;4;352;Momotus aequatorialis
01/19/17;7:54;9;E8;4;38;17.7;4.63825;75;32;50;-74.45277778;1997;150.335;C;2;NA;Momotus aequatorialis
01/19/17;7:56;9;E8;4;38;17.7;4.63825;75;32;50;-74.45277778;1997;150.325;C;1;NA;Arremon brunneinucha
01/19/17;7:58;9;E8;4;38;17.7;4.63825;75;32;50;-74.45277778;1997;150.135;A;14;120;Aulacorhynchus haematopygus
01/19/17;7:30;9;E2;4;38;4.7;4.634638889;75;32;50;-74.45277778;2089;150.015;A;1;NA;Myadestes ralloides
01/19/17;7:33;9;E2;4;38;4.7;4.634638889;75;32;50;-74.45277778;2089;150.005;A;2;NA;Myiarchus tuberculifer
01/19/17;7:34;9;E2;4;38;4.7;4.634638889;75;32;50;-74.45277778;2089;150.025;A;3;90;Syndactila subalaris
01/19/17;7:37;9;E2;4;38;4.7;4.634638889;75;32;50;-74.45277778;2089;150.165;B;1;118;Eubucco bourcierii
01/19/17;7:42;9;E2;4;38;4.7;4.634638889;75;32;50;-74.45277778;2089;150.254;B;10;110;Dendrocolaptes picumnus
01/19/17;7:48;9;E2;4;38;4.7;4.634638889;75;32;50;-74.45277778;2089;150.195;B;4;346;Momotus aequatorialis
01/19/17;7:54;9;E2;4;38;4.7;4.634638889;75;32;50;-74.45277778;2089;150.335;C;2;40;Momotus aequatorialis
01/19/17;7:56;9;E2;4;38;4.7;4.634638889;75;32;50;-74.45277778;2089;150.325;C;1;NA;Arremon brunneinucha
01/19/17;7:58;9;E2;4;38;4.7;4.634638889;75;32;50;-74.45277778;2089;150.135;A;14;126;Aulacorhynchus haematopygus
01/19/17;8:25;10;E9;4;38;3.8;4.634388889;75;32;50;-74.45277778;2091;150.015;A;1;40;Myadestes ralloides
01/19/17;8:27;10;E9;4;38;3.8;4.634388889;75;32;50;-74.45277778;2091;150.005;A;2;32;Myiarchus tuberculifer
01/19/17;8:29;10;E9;4;38;3.8;4.634388889;75;32;50;-74.45277778;2091;150.025;A;3;NA;Syndactila subalaris
01/19/17;8:32;10;E9;4;38;3.8;4.634388889;75;32;50;-74.45277778;2091;150.165;B;1;46;Eubucco bourcierii
01/19/17;8:34;10;E9;4;38;3.8;4.634388889;75;32;50;-74.45277778;2091;150.254;B;10;30;Dendrocolaptes picumnus
01/19/17;8:38;10;E9;4;38;3.8;4.634388889;75;32;50;-74.45277778;2091;150.195;B;4;28;Momotus aequatorialis
01/19/17;8:39;10;E9;4;38;3.8;4.634388889;75;32;50;-74.45277778;2091;150.335;C;2;NA;Momotus aequatorialis
01/19/17;8:41;10;E9;4;38;3.8;4.634388889;75;32;50;-74.45277778;2091;150.325;C;1;242;Arremon brunneinucha
01/19/17;8:43;10;E9;4;38;3.8;4.634388889;75;32;50;-74.45277778;2091;150.135;A;14;42;Aulacorhynchus haematopygus
01/19/17;8:25;10;E10;4;37;59.8;4.633277778;75;32;50;-74.45277778;2093;150.015;A;1;NA;Myadestes ralloides
01/19/17;8:27;10;E10;4;37;59.8;4.633277778;75;32;50;-74.45277778;2093;150.005;A;2;NA;Myiarchus tuberculifer
01/19/17;8:29;10;E10;4;37;59.8;4.633277778;75;32;50;-74.45277778;2093;150.025;A;3;NA;Syndactila subalaris
01/19/17;8:32;10;E10;4;37;59.8;4.633277778;75;32;50;-74.45277778;2093;150.165;B;1;78;Eubucco bourcierii
01/19/17;8:34;10;E10;4;37;59.8;4.633277778;75;32;50;-74.45277778;2093;150.254;B;10;13;Dendrocolaptes picumnus
01/19/17;8:38;10;E10;4;37;59.8;4.633277778;75;32;50;-74.45277778;2093;150.195;B;4;NA;Momotus aequatorialis
01/19/17;8:39;10;E10;4;37;59.8;4.633277778;75;32;50;-74.45277778;2093;150.335;C;2;NA;Momotus aequatorialis
01/19/17;8:41;10;E10;4;37;59.8;4.633277778;75;32;50;-74.45277778;2093;150.325;C;1;282;Arremon brunneinucha
01/19/17;8:43;10;E10;4;37;59.8;4.633277778;75;32;50;-74.45277778;2093;150.135;A;14;NA;Aulacorhynchus haematopygus
01/19/17;9:11;10;E5;4;38;10.5;4.63625;75;32;50;-74.45277778;2090;150.015;A;1;64;Myadestes ralloides
01/19/17;9:13;10;E5;4;38;10.5;4.63625;75;32;50;-74.45277778;2090;150.005;A;2;NA;Myiarchus tuberculifer
01/19/17;9:15;10;E5;4;38;10.5;4.63625;75;32;50;-74.45277778;2090;150.025;A;3;NA;Syndactila subalaris
01/19/17;9:18;10;E5;4;38;10.5;4.63625;75;32;50;-74.45277778;2090;150.165;B;1;272;Eubucco bourcierii
01/19/17;9:20;10;E5;4;38;10.5;4.63625;75;32;50;-74.45277778;2090;150.254;B;10;NA;Dendrocolaptes picumnus
01/19/17;9:24;10;E5;4;38;10.5;4.63625;75;32;50;-74.45277778;2090;150.195;B;4;NA;Momotus aequatorialis
01/19/17;9:46;10;E5;4;38;10.5;4.63625;75;32;50;-74.45277778;2090;150.335;C;2;NA;Momotus aequatorialis
01/19/17;9:47;10;E5;4;38;10.5;4.63625;75;32;50;-74.45277778;2090;150.325;C;1;NA;Arremon brunneinucha
01/19/17;9:49;10;E5;4;38;10.5;4.63625;75;32;50;-74.45277778;2090;150.135;A;14;NA;Aulacorhynchus haematopygus
01/19/17;9:11;10;E3;4;38;4.7;4.634638889;75;32;50;-74.45277778;2089;150.015;A;1;NA;Myadestes ralloides
01/19/17;9:13;10;E3;4;38;4.7;4.634638889;75;32;50;-74.45277778;2089;150.005;A;2;NA;Myiarchus tuberculifer
01/19/17;9:15;10;E3;4;38;4.7;4.634638889;75;32;50;-74.45277778;2089;150.025;A;3;NA;Syndactila subalaris
01/19/17;9:18;10;E3;4;38;4.7;4.634638889;75;32;50;-74.45277778;2089;150.165;B;1;70;Eubucco bourcierii
01/19/17;9:20;10;E3;4;38;4.7;4.634638889;75;32;50;-74.45277778;2089;150.254;B;10;58;Dendrocolaptes picumnus
01/19/17;9:24;10;E3;4;38;4.7;4.634638889;75;32;50;-74.45277778;2089;150.195;B;4;80;Momotus aequatorialis
01/19/17;9:46;10;E3;4;38;4.7;4.634638889;75;32;50;-74.45277778;2089;150.335;C;2;13;Momotus aequatorialis
01/19/17;9:47;10;E3;4;38;4.7;4.634638889;75;32;50;-74.45277778;2089;150.325;C;1;NA;Arremon brunneinucha
01/19/17;9:49;10;E3;4;38;4.7;4.634638889;75;32;50;-74.45277778;2089;150.135;A;14;70;Aulacorhynchus haematopygus
01/19/17;10:07;10;E4;4;38;3.9;4.634416667;75;32;50;-74.45277778;2117;150.015;A;1;NA;Myadestes ralloides
01/19/17;10:10;10;E4;4;38;3.9;4.634416667;75;32;50;-74.45277778;2117;150.005;A;2;8;Myiarchus tuberculifer
01/19/17;10:12;10;E4;4;38;3.9;4.634416667;75;32;50;-74.45277778;2117;150.025;A;3;NA;Syndactila subalaris
01/19/17;10:14;10;E4;4;38;3.9;4.634416667;75;32;50;-74.45277778;2117;150.165;B;1;318;Eubucco bourcierii
01/19/17;10:17;10;E4;4;38;3.9;4.634416667;75;32;50;-74.45277778;2117;150.254;B;10;NA;Dendrocolaptes picumnus
01/19/17;10:20;10;E4;4;38;3.9;4.634416667;75;32;50;-74.45277778;2117;150.195;B;4;310;Momotus aequatorialis
01/19/17;10:22;10;E4;4;38;3.9;4.634416667;75;32;50;-74.45277778;2117;150.335;C;2;26;Momotus aequatorialis
01/19/17;10:28;10;E4;4;38;3.9;4.634416667;75;32;50;-74.45277778;2117;150.325;C;1;NA;Arremon brunneinucha
01/19/17;10:50;10;E4;4;38;3.9;4.634416667;75;32;50;-74.45277778;2117;150.135;A;14;350;Aulacorhynchus haematopygus
01/19/17;10:07;10;E6;4;38;59.3;4.649805556;75;32;50;-74.45277778;2141;150.015;A;1;NA;Myadestes ralloides
01/19/17;10:10;10;E6;4;38;59.3;4.649805556;75;32;50;-74.45277778;2141;150.005;A;2;20;Myiarchus tuberculifer
01/19/17;10:12;10;E6;4;38;59.3;4.649805556;75;32;50;-74.45277778;2141;150.025;A;3;NA;Syndactila subalaris
01/19/17;10:14;10;E6;4;38;59.3;4.649805556;75;32;50;-74.45277778;2141;150.165;B;1;346;Eubucco bourcierii
01/19/17;10:17;10;E6;4;38;59.3;4.649805556;75;32;50;-74.45277778;2141;150.254;B;10;NA;Dendrocolaptes picumnus
01/19/17;10:20;10;E6;4;38;59.3;4.649805556;75;32;50;-74.45277778;2141;150.195;B;4;20;Momotus aequatorialis
01/19/17;10:22;10;E6;4;38;59.3;4.649805556;75;32;50;-74.45277778;2141;150.335;C;2;42;Momotus aequatorialis
01/19/17;10:28;10;E6;4;38;59.3;4.649805556;75;32;50;-74.45277778;2141;150.325;C;1;NA;Arremon brunneinucha
01/19/17;10:50;10;E6;4;38;59.3;4.649805556;75;32;50;-74.45277778;2141;150.135;A;14;318;Aulacorhynchus haematopygus
01/19/17;15:28;11;E7;4;38;18.8;4.638555556;75;32;50;-74.45277778;2001;150.015;A;1;NA;Myadestes ralloides
01/19/17;15:30;11;E7;4;38;18.8;4.638555556;75;32;50;-74.45277778;2001;150.005;A;2;NA;Myiarchus tuberculifer
01/19/17;15:34;11;E7;4;38;18.8;4.638555556;75;32;50;-74.45277778;2001;150.025;A;3;NA;Syndactila subalaris
01/19/17;15:36;11;E7;4;38;18.8;4.638555556;75;32;50;-74.45277778;2001;150.165;B;1;NA;Eubucco bourcierii
01/19/17;15:38;11;E7;4;38;18.8;4.638555556;75;32;50;-74.45277778;2001;150.254;B;10;108;Dendrocolaptes picumnus
01/19/17;15:39;11;E7;4;38;18.8;4.638555556;75;32;50;-74.45277778;2001;150.195;B;4;NA;Momotus aequatorialis
01/19/17;15:42;11;E7;4;38;18.8;4.638555556;75;32;50;-74.45277778;2001;150.335;C;2;42;Momotus aequatorialis
01/19/17;15:45;11;E7;4;38;18.8;4.638555556;75;32;50;-74.45277778;2001;150.325;C;1;NA;Arremon brunneinucha
01/19/17;15:50;11;E7;4;38;18.8;4.638555556;75;32;50;-74.45277778;2001;150.135;A;14;304;Aulacorhynchus haematopygus
01/19/17;15:28;11;E1;4;38;24.2;4.640055556;75;32;50;-74.45277778;1942;150.015;A;1;NA;Myadestes ralloides
01/19/17;15:30;11;E1;4;38;24.2;4.640055556;75;32;50;-74.45277778;1942;150.005;A;2;NA;Myiarchus tuberculifer
01/19/17;15:34;11;E1;4;38;24.2;4.640055556;75;32;50;-74.45277778;1942;150.025;A;3;NA;Syndactila subalaris
01/19/17;15:36;11;E1;4;38;24.2;4.640055556;75;32;50;-74.45277778;1942;150.165;B;1;NA;Eubucco bourcierii
01/19/17;15:38;11;E1;4;38;24.2;4.640055556;75;32;50;-74.45277778;1942;150.254;B;10;150;Dendrocolaptes picumnus
01/19/17;15:39;11;E1;4;38;24.2;4.640055556;75;32;50;-74.45277778;1942;150.195;B;4;NA;Momotus aequatorialis
01/19/17;15:42;11;E1;4;38;24.2;4.640055556;75;32;50;-74.45277778;1942;150.335;C;2;NA;Momotus aequatorialis
01/19/17;15:45;11;E1;4;38;24.2;4.640055556;75;32;50;-74.45277778;1942;150.325;C;1;NA;Arremon brunneinucha
01/19/17;15:50;11;E1;4;38;24.2;4.640055556;75;32;50;-74.45277778;1942;150.135;A;14;230;Aulacorhynchus haematopygus
01/20/17;6:37;12;E7;4;38;18.8;4.638555556;75;32;50;-74.45277778;2001;150.015;A;1;NA;Myadestes ralloides
01/20/17;6:40;12;E7;4;38;18.8;4.638555556;75;32;50;-74.45277778;2001;150.005;A;2;72;Myiarchus tuberculifer
01/20/17;6:45;12;E7;4;38;18.8;4.638555556;75;32;50;-74.45277778;2001;150.025;A;3;200;Syndactila subalaris
01/20/17;6:48;12;E7;4;38;18.8;4.638555556;75;32;50;-74.45277778;2001;150.165;B;1;118;Eubucco bourcierii
01/20/17;6:50;12;E7;4;38;18.8;4.638555556;75;32;50;-74.45277778;2001;150.254;B;10;NA;Dendrocolaptes picumnus
01/20/17;6:54;12;E7;4;38;18.8;4.638555556;75;32;50;-74.45277778;2001;150.195;B;4;74;Momotus aequatorialis
01/20/17;6:59;12;E7;4;38;18.8;4.638555556;75;32;50;-74.45277778;2001;150.335;C;2;NA;Momotus aequatorialis
01/20/17;7:01;12;E7;4;38;18.8;4.638555556;75;32;50;-74.45277778;2001;150.325;C;1;NA;Arremon brunneinucha
01/20/17;7:03;12;E7;4;38;18.8;4.638555556;75;32;50;-74.45277778;2001;150.135;A;14;NA;Aulacorhynchus haematopygus
01/20/17;6:37;12;E1;4;38;24.2;4.640055556;75;32;50;-74.45277778;1942;150.015;A;1;NA;Myadestes ralloides
01/20/17;6:40;12;E1;4;38;24.2;4.640055556;75;32;50;-74.45277778;1942;150.005;A;2;122;Myiarchus tuberculifer
01/20/17;6:45;12;E1;4;38;24.2;4.640055556;75;32;50;-74.45277778;1942;150.025;A;3;194;Syndactila subalaris
01/20/17;6:48;12;E1;4;38;24.2;4.640055556;75;32;50;-74.45277778;1942;150.165;B;1;150;Eubucco bourcierii
01/20/17;6:50;12;E1;4;38;24.2;4.640055556;75;32;50;-74.45277778;1942;150.254;B;10;144;Dendrocolaptes picumnus
01/20/17;6:54;12;E1;4;38;24.2;4.640055556;75;32;50;-74.45277778;1942;150.195;B;4;124;Momotus aequatorialis
01/20/17;6:59;12;E1;4;38;24.2;4.640055556;75;32;50;-74.45277778;1942;150.335;C;2;156;Momotus aequatorialis
01/20/17;7:01;12;E1;4;38;24.2;4.640055556;75;32;50;-74.45277778;1942;150.325;C;1;NA;Arremon brunneinucha
01/20/17;7:03;12;E1;4;38;24.2;4.640055556;75;32;50;-74.45277778;1942;150.135;A;14;168;Aulacorhynchus haematopygus
01/20/17;7:18;12;E8;4;38;17.7;4.63825;75;32;50;-74.45277778;1997;150.015;A;1;NA;Myadestes ralloides
01/20/17;7:21;12;E8;4;38;17.7;4.63825;75;32;50;-74.45277778;1997;150.005;A;2;NA;Myiarchus tuberculifer
01/20/17;7:24;12;E8;4;38;17.7;4.63825;75;32;50;-74.45277778;1997;150.025;A;3;120;Syndactila subalaris
01/20/17;7:28;12;E8;4;38;17.7;4.63825;75;32;50;-74.45277778;1997;150.165;B;1;NA;Eubucco bourcierii
01/20/17;7:30;12;E8;4;38;17.7;4.63825;75;32;50;-74.45277778;1997;150.254;B;10;NA;Dendrocolaptes picumnus
01/20/17;7:32;12;E8;4;38;17.7;4.63825;75;32;50;-74.45277778;1997;150.195;B;4;NA;Momotus aequatorialis
01/20/17;7:33;12;E8;4;38;17.7;4.63825;75;32;50;-74.45277778;1997;150.335;C;2;NA;Momotus aequatorialis
01/20/17;7:36;12;E8;4;38;17.7;4.63825;75;32;50;-74.45277778;1997;150.325;C;1;NA;Arremon brunneinucha
01/20/17;7:38;12;E8;4;38;17.7;4.63825;75;32;50;-74.45277778;1997;150.135;A;14;128;Aulacorhynchus haematopygus
01/20/17;7:18;12;E2;4;38;4.7;4.634638889;75;32;50;-74.45277778;2089;150.015;A;1;72;Myadestes ralloides
01/20/17;7:21;12;E2;4;38;4.7;4.634638889;75;32;50;-74.45277778;2089;150.005;A;2;68;Myiarchus tuberculifer
01/20/17;7:24;12;E2;4;38;4.7;4.634638889;75;32;50;-74.45277778;2089;150.025;A;3;64;Syndactila subalaris
01/20/17;7:28;12;E2;4;38;4.7;4.634638889;75;32;50;-74.45277778;2089;150.165;B;1;52;Eubucco bourcierii
01/20/17;7:30;12;E2;4;38;4.7;4.634638889;75;32;50;-74.45277778;2089;150.254;B;10;NA;Dendrocolaptes picumnus
01/20/17;7:32;12;E2;4;38;4.7;4.634638889;75;32;50;-74.45277778;2089;150.195;B;4;NA;Momotus aequatorialis
01/20/17;7:33;12;E2;4;38;4.7;4.634638889;75;32;50;-74.45277778;2089;150.335;C;2;NA;Momotus aequatorialis
01/20/17;7:36;12;E2;4;38;4.7;4.634638889;75;32;50;-74.45277778;2089;150.325;C;1;NA;Arremon brunneinucha
01/20/17;7:38;12;E2;4;38;4.7;4.634638889;75;32;50;-74.45277778;2089;150.135;A;14;100;Aulacorhynchus haematopygus
01/20/17;8:05;12;E3;4;38;4.7;4.634638889;75;32;50;-74.45277778;2089;150.015;A;1;NA;Myadestes ralloides
01/20/17;8:10;12;E3;4;38;4.7;4.634638889;75;32;50;-74.45277778;2089;150.005;A;2;NA;Myiarchus tuberculifer
01/20/17;8:13;12;E3;4;38;4.7;4.634638889;75;32;50;-74.45277778;2089;150.025;A;3;26;Syndactila subalaris
01/20/17;8:15;12;E3;4;38;4.7;4.634638889;75;32;50;-74.45277778;2089;150.165;B;1;84;Eubucco bourcierii
01/20/17;8:22;12;E3;4;38;4.7;4.634638889;75;32;50;-74.45277778;2089;150.254;B;10;64;Dendrocolaptes picumnus
01/20/17;8:25;12;E3;4;38;4.7;4.634638889;75;32;50;-74.45277778;2089;150.195;B;4;20;Momotus aequatorialis
01/20/17;8:29;12;E3;4;38;4.7;4.634638889;75;32;50;-74.45277778;2089;150.335;C;2;28;Momotus aequatorialis
01/20/17;8:30;12;E3;4;38;4.7;4.634638889;75;32;50;-74.45277778;2089;150.325;C;1;NA;Arremon brunneinucha
01/20/17;8:31;12;E3;4;38;4.7;4.634638889;75;32;50;-74.45277778;2089;150.135;A;14;32;Aulacorhynchus haematopygus
01/20/17;8:05;12;E2;4;38;4.7;4.634638889;75;32;50;-74.45277778;2089;150.015;A;1;NA;Myadestes ralloides
01/20/17;8:10;12;E2;4;38;4.7;4.634638889;75;32;50;-74.45277778;2089;150.005;A;2;NA;Myiarchus tuberculifer
01/20/17;8:13;12;E2;4;38;4.7;4.634638889;75;32;50;-74.45277778;2089;150.025;A;3;52;Syndactila subalaris
01/20/17;8:15;12;E2;4;38;4.7;4.634638889;75;32;50;-74.45277778;2089;150.165;B;1;124;Eubucco bourcierii
01/20/17;8:22;12;E2;4;38;4.7;4.634638889;75;32;50;-74.45277778;2089;150.254;B;10;150;Dendrocolaptes picumnus
01/20/17;8:25;12;E2;4;38;4.7;4.634638889;75;32;50;-74.45277778;2089;150.195;B;4;4;Momotus aequatorialis
01/20/17;8:29;12;E2;4;38;4.7;4.634638889;75;32;50;-74.45277778;2089;150.335;C;2;12;Momotus aequatorialis
01/20/17;8:30;12;E2;4;38;4.7;4.634638889;75;32;50;-74.45277778;2089;150.325;C;1;NA;Arremon brunneinucha
01/20/17;8:31;12;E2;4;38;4.7;4.634638889;75;32;50;-74.45277778;2089;150.135;A;14;154;Aulacorhynchus haematopygus
01/20/17;10:00;13;E9;4;38;3.8;4.634388889;75;32;50;-74.45277778;2091;150.015;A;1;NA;Myadestes ralloides
01/20/17;10:05;13;E9;4;38;3.8;4.634388889;75;32;50;-74.45277778;2091;150.005;A;2;NA;Myiarchus tuberculifer
01/20/17;10:09;13;E9;4;38;3.8;4.634388889;75;32;50;-74.45277778;2091;150.025;A;3;50;Syndactila subalaris
01/20/17;10:11;13;E9;4;38;3.8;4.634388889;75;32;50;-74.45277778;2091;150.165;B;1;64;Eubucco bourcierii
01/20/17;10:13;13;E9;4;38;3.8;4.634388889;75;32;50;-74.45277778;2091;150.254;B;10;24;Dendrocolaptes picumnus
01/20/17;10:15;13;E9;4;38;3.8;4.634388889;75;32;50;-74.45277778;2091;150.195;B;4;36;Momotus aequatorialis
01/20/17;10:17;13;E9;4;38;3.8;4.634388889;75;32;50;-74.45277778;2091;150.335;C;2;NA;Momotus aequatorialis
01/20/17;10:19;13;E9;4;38;3.8;4.634388889;75;32;50;-74.45277778;2091;150.325;C;1;230;Arremon brunneinucha
01/20/17;10:21;13;E9;4;38;3.8;4.634388889;75;32;50;-74.45277778;2091;150.135;A;14;72;Aulacorhynchus haematopygus
01/20/17;10:00;13;E10;4;37;59.8;4.633277778;75;32;50;-74.45277778;2093;150.015;A;1;NA;Myadestes ralloides
01/20/17;10:05;13;E10;4;37;59.8;4.633277778;75;32;50;-74.45277778;2093;150.005;A;2;NA;Myiarchus tuberculifer
01/20/17;10:09;13;E10;4;37;59.8;4.633277778;75;32;50;-74.45277778;2093;150.025;A;3;NA;Syndactila subalaris
01/20/17;10:11;13;E10;4;37;59.8;4.633277778;75;32;50;-74.45277778;2093;150.165;B;1;NA;Eubucco bourcierii
01/20/17;10:13;13;E10;4;37;59.8;4.633277778;75;32;50;-74.45277778;2093;150.254;B;10;NA;Dendrocolaptes picumnus
01/20/17;10:15;13;E10;4;37;59.8;4.633277778;75;32;50;-74.45277778;2093;150.195;B;4;NA;Momotus aequatorialis
01/20/17;10:17;13;E10;4;37;59.8;4.633277778;75;32;50;-74.45277778;2093;150.335;C;2;NA;Momotus aequatorialis
01/20/17;10:19;13;E10;4;37;59.8;4.633277778;75;32;50;-74.45277778;2093;150.325;C;1;264;Arremon brunneinucha
01/20/17;10:21;13;E10;4;37;59.8;4.633277778;75;32;50;-74.45277778;2093;150.135;A;14;NA;Aulacorhynchus haematopygus
01/20/17;11:04;13;E4;4;38;3.9;4.634416667;75;32;50;-74.45277778;2117;150.015;A;1;NA;Myadestes ralloides
01/20/17;11:06;13;E4;4;38;3.9;4.634416667;75;32;50;-74.45277778;2117;150.005;A;2;360;Myiarchus tuberculifer
01/20/17;11:12;13;E4;4;38;3.9;4.634416667;75;32;50;-74.45277778;2117;150.025;A;3;NA;Syndactila subalaris
01/20/17;11:14;13;E4;4;38;3.9;4.634416667;75;32;50;-74.45277778;2117;150.165;B;1;316;Eubucco bourcierii
01/20/17;11:18;13;E4;4;38;3.9;4.634416667;75;32;50;-74.45277778;2117;150.254;B;10;208;Dendrocolaptes picumnus
01/20/17;11:21;13;E4;4;38;3.9;4.634416667;75;32;50;-74.45277778;2117;150.195;B;4;314;Momotus aequatorialis
01/20/17;11:26;13;E4;4;38;3.9;4.634416667;75;32;50;-74.45277778;2117;150.335;C;2;58;Momotus aequatorialis
01/20/17;11:28;13;E4;4;38;3.9;4.634416667;75;32;50;-74.45277778;2117;150.325;C;1;NA;Arremon brunneinucha
01/20/17;11:30;13;E4;4;38;3.9;4.634416667;75;32;50;-74.45277778;2117;150.135;A;14;302;Aulacorhynchus haematopygus
01/20/17;11:04;13;E5;4;38;10.5;4.63625;75;32;50;-74.45277778;2090;150.015;A;1;NA;Myadestes ralloides
01/20/17;11:06;13;E5;4;38;10.5;4.63625;75;32;50;-74.45277778;2090;150.005;A;2;NA;Myiarchus tuberculifer
01/20/17;11:12;13;E5;4;38;10.5;4.63625;75;32;50;-74.45277778;2090;150.025;A;3;NA;Syndactila subalaris
01/20/17;11:14;13;E5;4;38;10.5;4.63625;75;32;50;-74.45277778;2090;150.165;B;1;226;Eubucco bourcierii
01/20/17;11:18;13;E5;4;38;10.5;4.63625;75;32;50;-74.45277778;2090;150.254;B;10;156;Dendrocolaptes picumnus
01/20/17;11:21;13;E5;4;38;10.5;4.63625;75;32;50;-74.45277778;2090;150.195;B;4;214;Momotus aequatorialis
01/20/17;11:26;13;E5;4;38;10.5;4.63625;75;32;50;-74.45277778;2090;150.335;C;2;NA;Momotus aequatorialis
01/20/17;11:28;13;E5;4;38;10.5;4.63625;75;32;50;-74.45277778;2090;150.325;C;1;NA;Arremon brunneinucha
01/20/17;11:30;13;E5;4;38;10.5;4.63625;75;32;50;-74.45277778;2090;150.135;A;14;154;Aulacorhynchus haematopygus
01/20/17;11:42;13;E12;4;38;7.1;4.635305556;75;32;50;-74.45277778;2097;150.015;A;1;160;Myadestes ralloides
01/20/17;11:43;13;E12;4;38;7.1;4.635305556;75;32;50;-74.45277778;2097;150.005;A;2;222;Myiarchus tuberculifer
01/20/17;11:44;13;E12;4;38;7.1;4.635305556;75;32;50;-74.45277778;2097;150.025;A;3;NA;Syndactila subalaris
01/20/17;11:45;13;E12;4;38;7.1;4.635305556;75;32;50;-74.45277778;2097;150.165;B;1;320;Eubucco bourcierii
01/20/17;11:48;13;E12;4;38;7.1;4.635305556;75;32;50;-74.45277778;2097;150.254;B;10;178;Dendrocolaptes picumnus
01/20/17;11:51;13;E12;4;38;7.1;4.635305556;75;32;50;-74.45277778;2097;150.195;B;4;286;Momotus aequatorialis
01/20/17;11:55;13;E12;4;38;7.1;4.635305556;75;32;50;-74.45277778;2097;150.335;C;2;154;Momotus aequatorialis
01/20/17;11:59;13;E12;4;38;7.1;4.635305556;75;32;50;-74.45277778;2097;150.325;C;1;NA;Arremon brunneinucha
01/20/17;12:04;13;E12;4;38;7.1;4.635305556;75;32;50;-74.45277778;2097;150.135;A;14;220;Aulacorhynchus haematopygus
01/20/17;11:42;13;E6;4;38;59.3;4.649805556;75;32;50;-74.45277778;2141;150.015;A;1;NA;Myadestes ralloides
01/20/17;11:43;13;E6;4;38;59.3;4.649805556;75;32;50;-74.45277778;2141;150.005;A;2;14;Myiarchus tuberculifer
01/20/17;11:44;13;E6;4;38;59.3;4.649805556;75;32;50;-74.45277778;2141;150.025;A;3;NA;Syndactila subalaris
01/20/17;11:45;13;E6;4;38;59.3;4.649805556;75;32;50;-74.45277778;2141;150.165;B;1;322;Eubucco bourcierii
01/20/17;11:48;13;E6;4;38;59.3;4.649805556;75;32;50;-74.45277778;2141;150.254;B;10;320;Dendrocolaptes picumnus
01/20/17;11:51;13;E6;4;38;59.3;4.649805556;75;32;50;-74.45277778;2141;150.195;B;4;10;Momotus aequatorialis
01/20/17;11:55;13;E6;4;38;59.3;4.649805556;75;32;50;-74.45277778;2141;150.335;C;2;8;Momotus aequatorialis
01/20/17;11:59;13;E6;4;38;59.3;4.649805556;75;32;50;-74.45277778;2141;150.325;C;1;NA;Arremon brunneinucha
01/20/17;12:04;13;E6;4;38;59.3;4.649805556;75;32;50;-74.45277778;2141;150.135;A;14;332;Aulacorhynchus haematopygus
01/20/17;16:03;14;E9;4;38;3.8;4.634388889;75;32;50;-74.45277778;2091;150.015;A;1;NA;Myadestes ralloides
01/20/17;16:05;14;E9;4;38;3.8;4.634388889;75;32;50;-74.45277778;2091;150.005;A;2;50;Myiarchus tuberculifer
01/20/17;16:06;14;E9;4;38;3.8;4.634388889;75;32;50;-74.45277778;2091;150.025;A;3;NA;Syndactila subalaris
01/20/17;16:08;14;E9;4;38;3.8;4.634388889;75;32;50;-74.45277778;2091;150.165;B;1;24;Eubucco bourcierii
01/20/17;16:09;14;E9;4;38;3.8;4.634388889;75;32;50;-74.45277778;2091;150.254;B;10;NA;Dendrocolaptes picumnus
01/20/17;16:10;14;E9;4;38;3.8;4.634388889;75;32;50;-74.45277778;2091;150.195;B;4;38;Momotus aequatorialis
01/20/17;16:12;14;E9;4;38;3.8;4.634388889;75;32;50;-74.45277778;2091;150.335;C;2;NA;Momotus aequatorialis
01/20/17;16:14;14;E9;4;38;3.8;4.634388889;75;32;50;-74.45277778;2091;150.325;C;1;250;Arremon brunneinucha
01/20/17;16:16;14;E9;4;38;3.8;4.634388889;75;32;50;-74.45277778;2091;150.135;A;14;NA;Aulacorhynchus haematopygus
01/20/17;16:03;14;E10;4;37;59.8;4.633277778;75;32;50;-74.45277778;2093;150.015;A;1;NA;Myadestes ralloides
01/20/17;16:05;14;E10;4;37;59.8;4.633277778;75;32;50;-74.45277778;2093;150.005;A;2;NA;Myiarchus tuberculifer
01/20/17;16:06;14;E10;4;37;59.8;4.633277778;75;32;50;-74.45277778;2093;150.025;A;3;NA;Syndactila subalaris
01/20/17;16:08;14;E10;4;37;59.8;4.633277778;75;32;50;-74.45277778;2093;150.165;B;1;NA;Eubucco bourcierii
01/20/17;16:09;14;E10;4;37;59.8;4.633277778;75;32;50;-74.45277778;2093;150.254;B;10;NA;Dendrocolaptes picumnus
01/20/17;16:10;14;E10;4;37;59.8;4.633277778;75;32;50;-74.45277778;2093;150.195;B;4;NA;Momotus aequatorialis
01/20/17;16:12;14;E10;4;37;59.8;4.633277778;75;32;50;-74.45277778;2093;150.335;C;2;NA;Momotus aequatorialis
01/20/17;16:14;14;E10;4;37;59.8;4.633277778;75;32;50;-74.45277778;2093;150.325;C;1;328;Arremon brunneinucha
01/20/17;16:16;14;E10;4;37;59.8;4.633277778;75;32;50;-74.45277778;2093;150.135;A;14;NA;Aulacorhynchus haematopygus
01/20/17;16:29;14;E3;4;38;4.7;4.634638889;75;32;50;-74.45277778;2089;150.015;A;1;NA;Myadestes ralloides
01/20/17;16:30;14;E3;4;38;4.7;4.634638889;75;32;50;-74.45277778;2089;150.005;A;2;NA;Myiarchus tuberculifer
01/20/17;16:31;14;E3;4;38;4.7;4.634638889;75;32;50;-74.45277778;2089;150.025;A;3;NA;Syndactila subalaris
01/20/17;16:34;14;E3;4;38;4.7;4.634638889;75;32;50;-74.45277778;2089;150.165;B;1;356;Eubucco bourcierii
01/20/17;16:37;14;E3;4;38;4.7;4.634638889;75;32;50;-74.45277778;2089;150.254;B;10;NA;Dendrocolaptes picumnus
01/20/17;16:38;14;E3;4;38;4.7;4.634638889;75;32;50;-74.45277778;2089;150.195;B;4;52;Momotus aequatorialis
01/20/17;16:39;14;E3;4;38;4.7;4.634638889;75;32;50;-74.45277778;2089;150.335;C;2;NA;Momotus aequatorialis
01/20/17;16:40;14;E3;4;38;4.7;4.634638889;75;32;50;-74.45277778;2089;150.325;C;1;NA;Arremon brunneinucha
01/20/17;16:41;14;E3;4;38;4.7;4.634638889;75;32;50;-74.45277778;2089;150.135;A;14;48;Aulacorhynchus haematopygus
